"library name","title","organism","tissue","molecule","single or paired-end","instrument model","description","animal_id","Pitt_id","BCG_dose_log10","dose_group","TimeafterBCG","total_Mtb_CFU","log_Mtb_CFU","grans_nx","log_grans_nx","protect_outcome","processed data file","raw file","raw file 2"
"13N022_wkm4Pre","13N022 high dose IV BCG pre","Macaca mulatta","Whole Blood","total RNA","paired-end","Illumina HiSeq 4000","13N022_wkm4Pre","13N022",3218,6.39,"high","pre",0,0,"0",0,"protected","ivbcg_dosecohort_processed.txt","13N022_wkm4Pre_read1.fastq.gz","13N022_wkm4Pre_read2.fastq.gz"
"13N022_d2Pre","13N022 high dose IV BCG d2","Macaca mulatta","Whole Blood","total RNA","paired-end","Illumina HiSeq 4000","13N022_d2Pre","13N022",3218,6.39,"high","d2",0,0,"0",0,"protected","ivbcg_dosecohort_processed.txt","13N022_d2Pre_read1.fastq.gz","13N022_d2Pre_read2.fastq.gz"
"13N022_wk2Pre","13N022 high dose IV BCG wk2","Macaca mulatta","Whole Blood","total RNA","paired-end","Illumina HiSeq 4000","13N022_wk2Pre","13N022",3218,6.39,"high","wk2",0,0,"0",0,"protected","ivbcg_dosecohort_processed.txt","13N022_wk2Pre_read1.fastq.gz","13N022_wk2Pre_read2.fastq.gz"
"13N022_wk4Pre","13N022 high dose IV BCG wk4","Macaca mulatta","Whole Blood","total RNA","paired-end","Illumina HiSeq 4000","13N022_wk4Pre","13N022",3218,6.39,"high","wk4",0,0,"0",0,"protected","ivbcg_dosecohort_processed.txt","13N022_wk4Pre_read1.fastq.gz","13N022_wk4Pre_read2.fastq.gz"
"13N022_wk12Pre","13N022 high dose IV BCG wk12","Macaca mulatta","Whole Blood","total RNA","paired-end","Illumina HiSeq 4000","13N022_wk12Pre","13N022",3218,6.39,"high","wk12",0,0,"0",0,"protected","ivbcg_dosecohort_processed.txt","13N022_wk12Pre_read1.fastq.gz","13N022_wk12Pre_read2.fastq.gz"
"13N023_wkm4Pre","13N023 high dose IV BCG pre","Macaca mulatta","Whole Blood","total RNA","paired-end","Illumina HiSeq 4000","13N023_wkm4Pre","13N023",4218,6.39,"high","pre",0,0,"0",0,"protected","ivbcg_dosecohort_processed.txt","13N023_wkm4Pre_read1.fastq.gz","13N023_wkm4Pre_read2.fastq.gz"
"13N023_d2Pre","13N023 high dose IV BCG d2","Macaca mulatta","Whole Blood","total RNA","paired-end","Illumina HiSeq 4000","13N023_d2Pre","13N023",4218,6.39,"high","d2",0,0,"0",0,"protected","ivbcg_dosecohort_processed.txt","13N023_d2Pre_read1.fastq.gz","13N023_d2Pre_read2.fastq.gz"
"13N023_wk2Pre","13N023 high dose IV BCG wk2","Macaca mulatta","Whole Blood","total RNA","paired-end","Illumina HiSeq 4000","13N023_wk2Pre","13N023",4218,6.39,"high","wk2",0,0,"0",0,"protected","ivbcg_dosecohort_processed.txt","13N023_wk2Pre_read1.fastq.gz","13N023_wk2Pre_read2.fastq.gz"
"13N023_wk4Pre","13N023 high dose IV BCG wk4","Macaca mulatta","Whole Blood","total RNA","paired-end","Illumina HiSeq 4000","13N023_wk4Pre","13N023",4218,6.39,"high","wk4",0,0,"0",0,"protected","ivbcg_dosecohort_processed.txt","13N023_wk4Pre_read1.fastq.gz","13N023_wk4Pre_read2.fastq.gz"
"13N023_wk12Pre","13N023 high dose IV BCG wk12","Macaca mulatta","Whole Blood","total RNA","paired-end","Illumina HiSeq 4000","13N023_wk12Pre","13N023",4218,6.39,"high","wk12",0,0,"0",0,"protected","ivbcg_dosecohort_processed.txt","13N023_wk12Pre_read1.fastq.gz","13N023_wk12Pre_read2.fastq.gz"
"13N025_wkm4Pre","13N025 high dose IV BCG pre","Macaca mulatta","Whole Blood","total RNA","paired-end","Illumina HiSeq 4000","13N025_wkm4Pre","13N025",2818,7.4,"high","pre",40,1.61,"0",0,"protected","ivbcg_dosecohort_processed.txt","13N025_wkm4Pre_read1.fastq.gz","13N025_wkm4Pre_read2.fastq.gz"
"13N025_d2Pre","13N025 high dose IV BCG d2","Macaca mulatta","Whole Blood","total RNA","paired-end","Illumina HiSeq 4000","13N025_d2Pre","13N025",2818,7.4,"high","d2",40,1.61,"0",0,"protected","ivbcg_dosecohort_processed.txt","13N025_d2Pre_read1.fastq.gz","13N025_d2Pre_read2.fastq.gz"
"13N025_wk2Pre","13N025 high dose IV BCG wk2","Macaca mulatta","Whole Blood","total RNA","paired-end","Illumina HiSeq 4000","13N025_wk2Pre","13N025",2818,7.4,"high","wk2",40,1.61,"0",0,"protected","ivbcg_dosecohort_processed.txt","13N025_wk2Pre_read1.fastq.gz","13N025_wk2Pre_read2.fastq.gz"
"13N025_wk4Pre","13N025 high dose IV BCG wk4","Macaca mulatta","Whole Blood","total RNA","paired-end","Illumina HiSeq 4000","13N025_wk4Pre","13N025",2818,7.4,"high","wk4",40,1.61,"0",0,"protected","ivbcg_dosecohort_processed.txt","13N025_wk4Pre_read1.fastq.gz","13N025_wk4Pre_read2.fastq.gz"
"13N025_wk12Pre","13N025 high dose IV BCG wk12","Macaca mulatta","Whole Blood","total RNA","paired-end","Illumina HiSeq 4000","13N025_wk12Pre","13N025",2818,7.4,"high","wk12",40,1.61,"0",0,"protected","ivbcg_dosecohort_processed.txt","13N025_wk12Pre_read1.fastq.gz","13N025_wk12Pre_read2.fastq.gz"
"13N026_wkm4Pre","13N026 low dose IV BCG pre","Macaca mulatta","Whole Blood","total RNA","paired-end","Illumina HiSeq 4000","13N026_wkm4Pre","13N026",3318,5.66,"low","pre",0,0,"0",0,"protected","ivbcg_dosecohort_processed.txt","13N026_wkm4Pre_read1.fastq.gz","13N026_wkm4Pre_read2.fastq.gz"
"13N026_d2Pre","13N026 low dose IV BCG d2","Macaca mulatta","Whole Blood","total RNA","paired-end","Illumina HiSeq 4000","13N026_d2Pre","13N026",3318,5.66,"low","d2",0,0,"0",0,"protected","ivbcg_dosecohort_processed.txt","13N026_d2Pre_read1.fastq.gz","13N026_d2Pre_read2.fastq.gz"
"13N026_wk2Pre","13N026 low dose IV BCG wk2","Macaca mulatta","Whole Blood","total RNA","paired-end","Illumina HiSeq 4000","13N026_wk2Pre","13N026",3318,5.66,"low","wk2",0,0,"0",0,"protected","ivbcg_dosecohort_processed.txt","13N026_wk2Pre_read1.fastq.gz","13N026_wk2Pre_read2.fastq.gz"
"13N026_wk4Pre","13N026 low dose IV BCG wk4","Macaca mulatta","Whole Blood","total RNA","paired-end","Illumina HiSeq 4000","13N026_wk4Pre","13N026",3318,5.66,"low","wk4",0,0,"0",0,"protected","ivbcg_dosecohort_processed.txt","13N026_wk4Pre_read1.fastq.gz","13N026_wk4Pre_read2.fastq.gz"
"13N026_wk12Pre","13N026 low dose IV BCG wk12","Macaca mulatta","Whole Blood","total RNA","paired-end","Illumina HiSeq 4000","13N026_wk12Pre","13N026",3318,5.66,"low","wk12",0,0,"0",0,"protected","ivbcg_dosecohort_processed.txt","13N026_wk12Pre_read1.fastq.gz","13N026_wk12Pre_read2.fastq.gz"
"A11V075_wkm4Pre","A11V075 high dose IV BCG pre","Macaca mulatta","Whole Blood","total RNA","paired-end","Illumina HiSeq 4000","A11V075_wkm4Pre","A11V075",4618,7.4,"high","pre",0,0,"0",0,"protected","ivbcg_dosecohort_processed.txt","A11V075_wkm4Pre_read1.fastq.gz","A11V075_wkm4Pre_read2.fastq.gz"
"A11V075_d2Pre","A11V075 high dose IV BCG d2","Macaca mulatta","Whole Blood","total RNA","paired-end","Illumina HiSeq 4000","A11V075_d2Pre","A11V075",4618,7.4,"high","d2",0,0,"0",0,"protected","ivbcg_dosecohort_processed.txt","A11V075_d2Pre_read1.fastq.gz","A11V075_d2Pre_read2.fastq.gz"
"A11V075_wk2Pre","A11V075 high dose IV BCG wk2","Macaca mulatta","Whole Blood","total RNA","paired-end","Illumina HiSeq 4000","A11V075_wk2Pre","A11V075",4618,7.4,"high","wk2",0,0,"0",0,"protected","ivbcg_dosecohort_processed.txt","A11V075_wk2Pre_read1.fastq.gz","A11V075_wk2Pre_read2.fastq.gz"
"A11V075_wk4Pre","A11V075 high dose IV BCG wk4","Macaca mulatta","Whole Blood","total RNA","paired-end","Illumina HiSeq 4000","A11V075_wk4Pre","A11V075",4618,7.4,"high","wk4",0,0,"0",0,"protected","ivbcg_dosecohort_processed.txt","A11V075_wk4Pre_read1.fastq.gz","A11V075_wk4Pre_read2.fastq.gz"
"A11V075_wk12Pre","A11V075 high dose IV BCG wk12","Macaca mulatta","Whole Blood","total RNA","paired-end","Illumina HiSeq 4000","A11V075_wk12Pre","A11V075",4618,7.4,"high","wk12",0,0,"0",0,"protected","ivbcg_dosecohort_processed.txt","A11V075_wk12Pre_read1.fastq.gz","A11V075_wk12Pre_read2.fastq.gz"
"A12V044_wkm4Pre","A12V044 high dose IV BCG pre","Macaca mulatta","Whole Blood","total RNA","paired-end","Illumina HiSeq 4000","A12V044_wkm4Pre","A12V044",4418,6.39,"high","pre",8545,3.93,"7",0.9,"not_protected","ivbcg_dosecohort_processed.txt","A12V044_wkm4Pre_read1.fastq.gz","A12V044_wkm4Pre_read2.fastq.gz"
"A12V044_d2Pre","A12V044 high dose IV BCG d2","Macaca mulatta","Whole Blood","total RNA","paired-end","Illumina HiSeq 4000","A12V044_d2Pre","A12V044",4418,6.39,"high","d2",8545,3.93,"7",0.9,"not_protected","ivbcg_dosecohort_processed.txt","A12V044_d2Pre_read1.fastq.gz","A12V044_d2Pre_read2.fastq.gz"
"A12V044_wk2Pre","A12V044 high dose IV BCG wk2","Macaca mulatta","Whole Blood","total RNA","paired-end","Illumina HiSeq 4000","A12V044_wk2Pre","A12V044",4418,6.39,"high","wk2",8545,3.93,"7",0.9,"not_protected","ivbcg_dosecohort_processed.txt","A12V044_wk2Pre_read1.fastq.gz","A12V044_wk2Pre_read2.fastq.gz"
"A12V044_wk4Pre","A12V044 high dose IV BCG wk4","Macaca mulatta","Whole Blood","total RNA","paired-end","Illumina HiSeq 4000","A12V044_wk4Pre","A12V044",4418,6.39,"high","wk4",8545,3.93,"7",0.9,"not_protected","ivbcg_dosecohort_processed.txt","A12V044_wk4Pre_read1.fastq.gz","A12V044_wk4Pre_read2.fastq.gz"
"A12V044_wk12Pre","A12V044 high dose IV BCG wk12","Macaca mulatta","Whole Blood","total RNA","paired-end","Illumina HiSeq 4000","A12V044_wk12Pre","A12V044",4418,6.39,"high","wk12",8545,3.93,"7",0.9,"not_protected","ivbcg_dosecohort_processed.txt","A12V044_wk12Pre_read1.fastq.gz","A12V044_wk12Pre_read2.fastq.gz"
"A12V053_wkm4Pre","A12V053 high dose IV BCG pre","Macaca mulatta","Whole Blood","total RNA","paired-end","Illumina HiSeq 4000","A12V053_wkm4Pre","A12V053",4118,7.4,"high","pre",0,0,"0",0,"protected","ivbcg_dosecohort_processed.txt","A12V053_wkm4Pre_read1.fastq.gz","A12V053_wkm4Pre_read2.fastq.gz"
"A12V053_d2Pre","A12V053 high dose IV BCG d2","Macaca mulatta","Whole Blood","total RNA","paired-end","Illumina HiSeq 4000","A12V053_d2Pre","A12V053",4118,7.4,"high","d2",0,0,"0",0,"protected","ivbcg_dosecohort_processed.txt","A12V053_d2Pre_read1.fastq.gz","A12V053_d2Pre_read2.fastq.gz"
"A12V053_wk2Pre","A12V053 high dose IV BCG wk2","Macaca mulatta","Whole Blood","total RNA","paired-end","Illumina HiSeq 4000","A12V053_wk2Pre","A12V053",4118,7.4,"high","wk2",0,0,"0",0,"protected","ivbcg_dosecohort_processed.txt","A12V053_wk2Pre_read1.fastq.gz","A12V053_wk2Pre_read2.fastq.gz"
"A12V053_wk4Pre","A12V053 high dose IV BCG wk4","Macaca mulatta","Whole Blood","total RNA","paired-end","Illumina HiSeq 4000","A12V053_wk4Pre","A12V053",4118,7.4,"high","wk4",0,0,"0",0,"protected","ivbcg_dosecohort_processed.txt","A12V053_wk4Pre_read1.fastq.gz","A12V053_wk4Pre_read2.fastq.gz"
"A12V053_wk12Pre","A12V053 high dose IV BCG wk12","Macaca mulatta","Whole Blood","total RNA","paired-end","Illumina HiSeq 4000","A12V053_wk12Pre","A12V053",4118,7.4,"high","wk12",0,0,"0",0,"protected","ivbcg_dosecohort_processed.txt","A12V053_wk12Pre_read1.fastq.gz","A12V053_wk12Pre_read2.fastq.gz"
"A12V057_wkm4Pre","A12V057 low dose IV BCG pre","Macaca mulatta","Whole Blood","total RNA","paired-end","Illumina HiSeq 4000","A12V057_wkm4Pre","A12V057",4318,5.66,"low","pre",0,0,"0",0,"protected","ivbcg_dosecohort_processed.txt","A12V057_wkm4Pre_read1.fastq.gz","A12V057_wkm4Pre_read2.fastq.gz"
"A12V057_d2Pre","A12V057 low dose IV BCG d2","Macaca mulatta","Whole Blood","total RNA","paired-end","Illumina HiSeq 4000","A12V057_d2Pre","A12V057",4318,5.66,"low","d2",0,0,"0",0,"protected","ivbcg_dosecohort_processed.txt","A12V057_d2Pre_read1.fastq.gz","A12V057_d2Pre_read2.fastq.gz"
"A12V057_wk2Pre","A12V057 low dose IV BCG wk2","Macaca mulatta","Whole Blood","total RNA","paired-end","Illumina HiSeq 4000","A12V057_wk2Pre","A12V057",4318,5.66,"low","wk2",0,0,"0",0,"protected","ivbcg_dosecohort_processed.txt","A12V057_wk2Pre_read1.fastq.gz","A12V057_wk2Pre_read2.fastq.gz"
"A12V057_wk4Pre","A12V057 low dose IV BCG wk4","Macaca mulatta","Whole Blood","total RNA","paired-end","Illumina HiSeq 4000","A12V057_wk4Pre","A12V057",4318,5.66,"low","wk4",0,0,"0",0,"protected","ivbcg_dosecohort_processed.txt","A12V057_wk4Pre_read1.fastq.gz","A12V057_wk4Pre_read2.fastq.gz"
"A12V057_wk12Pre","A12V057 low dose IV BCG wk12","Macaca mulatta","Whole Blood","total RNA","paired-end","Illumina HiSeq 4000","A12V057_wk12Pre","A12V057",4318,5.66,"low","wk12",0,0,"0",0,"protected","ivbcg_dosecohort_processed.txt","A12V057_wk12Pre_read1.fastq.gz","A12V057_wk12Pre_read2.fastq.gz"
"A12V058_wkm4Pre","A12V058 high dose IV BCG pre","Macaca mulatta","Whole Blood","total RNA","paired-end","Illumina HiSeq 4000","A12V058_wkm4Pre","A12V058",2718,6.84,"high","pre",2970,3.47,"4",0.7,"not_protected","ivbcg_dosecohort_processed.txt","A12V058_wkm4Pre_read1.fastq.gz","A12V058_wkm4Pre_read2.fastq.gz"
"A12V058_d2Pre","A12V058 high dose IV BCG d2","Macaca mulatta","Whole Blood","total RNA","paired-end","Illumina HiSeq 4000","A12V058_d2Pre","A12V058",2718,6.84,"high","d2",2970,3.47,"4",0.7,"not_protected","ivbcg_dosecohort_processed.txt","A12V058_d2Pre_read1.fastq.gz","A12V058_d2Pre_read2.fastq.gz"
"A12V058_wk2Pre","A12V058 high dose IV BCG wk2","Macaca mulatta","Whole Blood","total RNA","paired-end","Illumina HiSeq 4000","A12V058_wk2Pre","A12V058",2718,6.84,"high","wk2",2970,3.47,"4",0.7,"not_protected","ivbcg_dosecohort_processed.txt","A12V058_wk2Pre_read1.fastq.gz","A12V058_wk2Pre_read2.fastq.gz"
"A12V058_wk4Pre","A12V058 high dose IV BCG wk4","Macaca mulatta","Whole Blood","total RNA","paired-end","Illumina HiSeq 4000","A12V058_wk4Pre","A12V058",2718,6.84,"high","wk4",2970,3.47,"4",0.7,"not_protected","ivbcg_dosecohort_processed.txt","A12V058_wk4Pre_read1.fastq.gz","A12V058_wk4Pre_read2.fastq.gz"
"A12V058_wk12Pre","A12V058 high dose IV BCG wk12","Macaca mulatta","Whole Blood","total RNA","paired-end","Illumina HiSeq 4000","A12V058_wk12Pre","A12V058",2718,6.84,"high","wk12",2970,3.47,"4",0.7,"not_protected","ivbcg_dosecohort_processed.txt","A12V058_wk12Pre_read1.fastq.gz","A12V058_wk12Pre_read2.fastq.gz"
"A12V062_wkm4Pre","A12V062 low dose IV BCG pre","Macaca mulatta","Whole Blood","total RNA","paired-end","Illumina HiSeq 4000","A12V062_wkm4Pre","A12V062",3418,4.59,"low","pre",0,0,"0",0,"protected","ivbcg_dosecohort_processed.txt","A12V062_wkm4Pre_read1.fastq.gz","A12V062_wkm4Pre_read2.fastq.gz"
"A12V062_d2Pre","A12V062 low dose IV BCG d2","Macaca mulatta","Whole Blood","total RNA","paired-end","Illumina HiSeq 4000","A12V062_d2Pre","A12V062",3418,4.59,"low","d2",0,0,"0",0,"protected","ivbcg_dosecohort_processed.txt","A12V062_d2Pre_read1.fastq.gz","A12V062_d2Pre_read2.fastq.gz"
"A12V062_wk2Pre","A12V062 low dose IV BCG wk2","Macaca mulatta","Whole Blood","total RNA","paired-end","Illumina HiSeq 4000","A12V062_wk2Pre","A12V062",3418,4.59,"low","wk2",0,0,"0",0,"protected","ivbcg_dosecohort_processed.txt","A12V062_wk2Pre_read1.fastq.gz","A12V062_wk2Pre_read2.fastq.gz"
"A12V062_wk4Pre","A12V062 low dose IV BCG wk4","Macaca mulatta","Whole Blood","total RNA","paired-end","Illumina HiSeq 4000","A12V062_wk4Pre","A12V062",3418,4.59,"low","wk4",0,0,"0",0,"protected","ivbcg_dosecohort_processed.txt","A12V062_wk4Pre_read1.fastq.gz","A12V062_wk4Pre_read2.fastq.gz"
"A12V062_wk12Pre","A12V062 low dose IV BCG wk12","Macaca mulatta","Whole Blood","total RNA","paired-end","Illumina HiSeq 4000","A12V062_wk12Pre","A12V062",3418,4.59,"low","wk12",0,0,"0",0,"protected","ivbcg_dosecohort_processed.txt","A12V062_wk12Pre_read1.fastq.gz","A12V062_wk12Pre_read2.fastq.gz"
"A12V066_wkm4Pre","A12V066 high dose IV BCG pre","Macaca mulatta","Whole Blood","total RNA","paired-end","Illumina HiSeq 4000","A12V066_wkm4Pre","A12V066",4918,6.39,"high","pre",0,0,"0",0,"protected","ivbcg_dosecohort_processed.txt","A12V066_wkm4Pre_read1.fastq.gz","A12V066_wkm4Pre_read2.fastq.gz"
"A12V066_d2Pre","A12V066 high dose IV BCG d2","Macaca mulatta","Whole Blood","total RNA","paired-end","Illumina HiSeq 4000","A12V066_d2Pre","A12V066",4918,6.39,"high","d2",0,0,"0",0,"protected","ivbcg_dosecohort_processed.txt","A12V066_d2Pre_read1.fastq.gz","A12V066_d2Pre_read2.fastq.gz"
"A12V066_wk2Pre","A12V066 high dose IV BCG wk2","Macaca mulatta","Whole Blood","total RNA","paired-end","Illumina HiSeq 4000","A12V066_wk2Pre","A12V066",4918,6.39,"high","wk2",0,0,"0",0,"protected","ivbcg_dosecohort_processed.txt","A12V066_wk2Pre_read1.fastq.gz","A12V066_wk2Pre_read2.fastq.gz"
"A12V066_wk4Pre","A12V066 high dose IV BCG wk4","Macaca mulatta","Whole Blood","total RNA","paired-end","Illumina HiSeq 4000","A12V066_wk4Pre","A12V066",4918,6.39,"high","wk4",0,0,"0",0,"protected","ivbcg_dosecohort_processed.txt","A12V066_wk4Pre_read1.fastq.gz","A12V066_wk4Pre_read2.fastq.gz"
"A12V066_wk12Pre","A12V066 high dose IV BCG wk12","Macaca mulatta","Whole Blood","total RNA","paired-end","Illumina HiSeq 4000","A12V066_wk12Pre","A12V066",4918,6.39,"high","wk12",0,0,"0",0,"protected","ivbcg_dosecohort_processed.txt","A12V066_wk12Pre_read1.fastq.gz","A12V066_wk12Pre_read2.fastq.gz"
"A12V095_wkm4Pre","A12V095 low dose IV BCG pre","Macaca mulatta","Whole Blood","total RNA","paired-end","Illumina HiSeq 4000","A12V095_wkm4Pre","A12V095",3118,5.31,"low","pre",0,0,"0",0,"protected","ivbcg_dosecohort_processed.txt","A12V095_wkm4Pre_read1.fastq.gz","A12V095_wkm4Pre_read2.fastq.gz"
"A12V095_d2Pre","A12V095 low dose IV BCG d2","Macaca mulatta","Whole Blood","total RNA","paired-end","Illumina HiSeq 4000","A12V095_d2Pre","A12V095",3118,5.31,"low","d2",0,0,"0",0,"protected","ivbcg_dosecohort_processed.txt","A12V095_d2Pre_read1.fastq.gz","A12V095_d2Pre_read2.fastq.gz"
"A12V095_wk2Pre","A12V095 low dose IV BCG wk2","Macaca mulatta","Whole Blood","total RNA","paired-end","Illumina HiSeq 4000","A12V095_wk2Pre","A12V095",3118,5.31,"low","wk2",0,0,"0",0,"protected","ivbcg_dosecohort_processed.txt","A12V095_wk2Pre_read1.fastq.gz","A12V095_wk2Pre_read2.fastq.gz"
"A12V095_wk4Pre","A12V095 low dose IV BCG wk4","Macaca mulatta","Whole Blood","total RNA","paired-end","Illumina HiSeq 4000","A12V095_wk4Pre","A12V095",3118,5.31,"low","wk4",0,0,"0",0,"protected","ivbcg_dosecohort_processed.txt","A12V095_wk4Pre_read1.fastq.gz","A12V095_wk4Pre_read2.fastq.gz"
"A12V095_wk12Pre","A12V095 low dose IV BCG wk12","Macaca mulatta","Whole Blood","total RNA","paired-end","Illumina HiSeq 4000","A12V095_wk12Pre","A12V095",3118,5.31,"low","wk12",0,0,"0",0,"protected","ivbcg_dosecohort_processed.txt","A12V095_wk12Pre_read1.fastq.gz","A12V095_wk12Pre_read2.fastq.gz"
"A12V119_wkm4Pre","A12V119 low dose IV BCG pre","Macaca mulatta","Whole Blood","total RNA","paired-end","Illumina HiSeq 4000","A12V119_wkm4Pre","A12V119",4018,4.59,"low","pre",96612,4.99,"60",1.79,"not_protected","ivbcg_dosecohort_processed.txt","A12V119_wkm4Pre_read1.fastq.gz","A12V119_wkm4Pre_read2.fastq.gz"
"A12V119_d2Pre","A12V119 low dose IV BCG d2","Macaca mulatta","Whole Blood","total RNA","paired-end","Illumina HiSeq 4000","A12V119_d2Pre","A12V119",4018,4.59,"low","d2",96612,4.99,"60",1.79,"not_protected","ivbcg_dosecohort_processed.txt","A12V119_d2Pre_read1.fastq.gz","A12V119_d2Pre_read2.fastq.gz"
"A12V119_wk2Pre","A12V119 low dose IV BCG wk2","Macaca mulatta","Whole Blood","total RNA","paired-end","Illumina HiSeq 4000","A12V119_wk2Pre","A12V119",4018,4.59,"low","wk2",96612,4.99,"60",1.79,"not_protected","ivbcg_dosecohort_processed.txt","A12V119_wk2Pre_read1.fastq.gz","A12V119_wk2Pre_read2.fastq.gz"
"A12V119_wk4Pre","A12V119 low dose IV BCG wk4","Macaca mulatta","Whole Blood","total RNA","paired-end","Illumina HiSeq 4000","A12V119_wk4Pre","A12V119",4018,4.59,"low","wk4",96612,4.99,"60",1.79,"not_protected","ivbcg_dosecohort_processed.txt","A12V119_wk4Pre_read1.fastq.gz","A12V119_wk4Pre_read2.fastq.gz"
"A12V119_wk12Pre","A12V119 low dose IV BCG wk12","Macaca mulatta","Whole Blood","total RNA","paired-end","Illumina HiSeq 4000","A12V119_wk12Pre","A12V119",4018,4.59,"low","wk12",96612,4.99,"60",1.79,"not_protected","ivbcg_dosecohort_processed.txt","A12V119_wk12Pre_read1.fastq.gz","A12V119_wk12Pre_read2.fastq.gz"
"A12V158_wkm4Pre","A12V158 high dose IV BCG pre","Macaca mulatta","Whole Blood","total RNA","paired-end","Illumina HiSeq 4000","A12V158_wkm4Pre","A12V158",2618,6.84,"high","pre",182028,5.26,"5",0.78,"not_protected","ivbcg_dosecohort_processed.txt","A12V158_wkm4Pre_read1.fastq.gz","A12V158_wkm4Pre_read2.fastq.gz"
"A12V158_d2Pre","A12V158 high dose IV BCG d2","Macaca mulatta","Whole Blood","total RNA","paired-end","Illumina HiSeq 4000","A12V158_d2Pre","A12V158",2618,6.84,"high","d2",182028,5.26,"5",0.78,"not_protected","ivbcg_dosecohort_processed.txt","A12V158_d2Pre_read1.fastq.gz","A12V158_d2Pre_read2.fastq.gz"
"A12V158_wk2Pre","A12V158 high dose IV BCG wk2","Macaca mulatta","Whole Blood","total RNA","paired-end","Illumina HiSeq 4000","A12V158_wk2Pre","A12V158",2618,6.84,"high","wk2",182028,5.26,"5",0.78,"not_protected","ivbcg_dosecohort_processed.txt","A12V158_wk2Pre_read1.fastq.gz","A12V158_wk2Pre_read2.fastq.gz"
"A12V158_wk12Pre","A12V158 high dose IV BCG wk12","Macaca mulatta","Whole Blood","total RNA","paired-end","Illumina HiSeq 4000","A12V158_wk12Pre","A12V158",2618,6.84,"high","wk12",182028,5.26,"5",0.78,"not_protected","ivbcg_dosecohort_processed.txt","A12V158_wk12Pre_read1.fastq.gz","A12V158_wk12Pre_read2.fastq.gz"
"A14V013_wkm4Pre","A14V013 high dose IV BCG pre","Macaca mulatta","Whole Blood","total RNA","paired-end","Illumina HiSeq 4000","A14V013_wkm4Pre","A14V013",3518,6.84,"high","pre",0,0,"0",0,"protected","ivbcg_dosecohort_processed.txt","A14V013_wkm4Pre_read1.fastq.gz","A14V013_wkm4Pre_read2.fastq.gz"
"A14V013_wk2Pre","A14V013 high dose IV BCG wk2","Macaca mulatta","Whole Blood","total RNA","paired-end","Illumina HiSeq 4000","A14V013_wk2Pre","A14V013",3518,6.84,"high","wk2",0,0,"0",0,"protected","ivbcg_dosecohort_processed.txt","A14V013_wk2Pre_read1.fastq.gz","A14V013_wk2Pre_read2.fastq.gz"
"A14V013_wk4Pre","A14V013 high dose IV BCG wk4","Macaca mulatta","Whole Blood","total RNA","paired-end","Illumina HiSeq 4000","A14V013_wk4Pre","A14V013",3518,6.84,"high","wk4",0,0,"0",0,"protected","ivbcg_dosecohort_processed.txt","A14V013_wk4Pre_read1.fastq.gz","A14V013_wk4Pre_read2.fastq.gz"
"A14V013_wk12Pre","A14V013 high dose IV BCG wk12","Macaca mulatta","Whole Blood","total RNA","paired-end","Illumina HiSeq 4000","A14V013_wk12Pre","A14V013",3518,6.84,"high","wk12",0,0,"0",0,"protected","ivbcg_dosecohort_processed.txt","A14V013_wk12Pre_read1.fastq.gz","A14V013_wk12Pre_read2.fastq.gz"
"A9V105_wkm4Pre","A9V105 high dose IV BCG pre","Macaca mulatta","Whole Blood","total RNA","paired-end","Illumina HiSeq 4000","A9V105_wkm4Pre","A9V105",4718,6.84,"high","pre",0,0,"0",0,"protected","ivbcg_dosecohort_processed.txt","A9V105_wkm4Pre_read1.fastq.gz","A9V105_wkm4Pre_read2.fastq.gz"
"A9V105_d2Pre","A9V105 high dose IV BCG d2","Macaca mulatta","Whole Blood","total RNA","paired-end","Illumina HiSeq 4000","A9V105_d2Pre","A9V105",4718,6.84,"high","d2",0,0,"0",0,"protected","ivbcg_dosecohort_processed.txt","A9V105_d2Pre_read1.fastq.gz","A9V105_d2Pre_read2.fastq.gz"
"A9V105_wk2Pre","A9V105 high dose IV BCG wk2","Macaca mulatta","Whole Blood","total RNA","paired-end","Illumina HiSeq 4000","A9V105_wk2Pre","A9V105",4718,6.84,"high","wk2",0,0,"0",0,"protected","ivbcg_dosecohort_processed.txt","A9V105_wk2Pre_read1.fastq.gz","A9V105_wk2Pre_read2.fastq.gz"
"A9V105_wk4Pre","A9V105 high dose IV BCG wk4","Macaca mulatta","Whole Blood","total RNA","paired-end","Illumina HiSeq 4000","A9V105_wk4Pre","A9V105",4718,6.84,"high","wk4",0,0,"0",0,"protected","ivbcg_dosecohort_processed.txt","A9V105_wk4Pre_read1.fastq.gz","A9V105_wk4Pre_read2.fastq.gz"
"A9V105_wk12Pre","A9V105 high dose IV BCG wk12","Macaca mulatta","Whole Blood","total RNA","paired-end","Illumina HiSeq 4000","A9V105_wk12Pre","A9V105",4718,6.84,"high","wk12",0,0,"0",0,"protected","ivbcg_dosecohort_processed.txt","A9V105_wk12Pre_read1.fastq.gz","A9V105_wk12Pre_read2.fastq.gz"
"DFA4_wkm4Pre","DFA4 low dose IV BCG pre","Macaca mulatta","Whole Blood","total RNA","paired-end","Illumina HiSeq 4000","DFA4_wkm4Pre","DFA4",17819,5.63,"low","pre",169720,5.23,"8",0.95,"not_protected","ivbcg_dosecohort_processed.txt","DFA4_wkm4Pre_read1.fastq.gz","DFA4_wkm4Pre_read2.fastq.gz"
"DFA4_d2Pre","DFA4 low dose IV BCG d2","Macaca mulatta","Whole Blood","total RNA","paired-end","Illumina HiSeq 4000","DFA4_d2Pre","DFA4",17819,5.63,"low","d2",169720,5.23,"8",0.95,"not_protected","ivbcg_dosecohort_processed.txt","DFA4_d2Pre_read1.fastq.gz","DFA4_d2Pre_read2.fastq.gz"
"DFA4_wk2Pre","DFA4 low dose IV BCG wk2","Macaca mulatta","Whole Blood","total RNA","paired-end","Illumina HiSeq 4000","DFA4_wk2Pre","DFA4",17819,5.63,"low","wk2",169720,5.23,"8",0.95,"not_protected","ivbcg_dosecohort_processed.txt","DFA4_wk2Pre_read1.fastq.gz","DFA4_wk2Pre_read2.fastq.gz"
"DFA4_wk4Pre","DFA4 low dose IV BCG wk4","Macaca mulatta","Whole Blood","total RNA","paired-end","Illumina HiSeq 4000","DFA4_wk4Pre","DFA4",17819,5.63,"low","wk4",169720,5.23,"8",0.95,"not_protected","ivbcg_dosecohort_processed.txt","DFA4_wk4Pre_read1.fastq.gz","DFA4_wk4Pre_read2.fastq.gz"
"DFA4_wk12Pre","DFA4 low dose IV BCG wk12","Macaca mulatta","Whole Blood","total RNA","paired-end","Illumina HiSeq 4000","DFA4_wk12Pre","DFA4",17819,5.63,"low","wk12",169720,5.23,"8",0.95,"not_protected","ivbcg_dosecohort_processed.txt","DFA4_wk12Pre_read1.fastq.gz","DFA4_wk12Pre_read2.fastq.gz"
"DFM3_wkm4Pre","DFM3 low dose IV BCG pre","Macaca mulatta","Whole Blood","total RNA","paired-end","Illumina HiSeq 4000","DFM3_wkm4Pre","DFM3",5018,5.31,"low","pre",0,0,"5",0.78,"protected","ivbcg_dosecohort_processed.txt","DFM3_wkm4Pre_read1.fastq.gz","DFM3_wkm4Pre_read2.fastq.gz"
"DFM3_d2Pre","DFM3 low dose IV BCG d2","Macaca mulatta","Whole Blood","total RNA","paired-end","Illumina HiSeq 4000","DFM3_d2Pre","DFM3",5018,5.31,"low","d2",0,0,"5",0.78,"protected","ivbcg_dosecohort_processed.txt","DFM3_d2Pre_read1.fastq.gz","DFM3_d2Pre_read2.fastq.gz"
"DFM3_wk2Pre","DFM3 low dose IV BCG wk2","Macaca mulatta","Whole Blood","total RNA","paired-end","Illumina HiSeq 4000","DFM3_wk2Pre","DFM3",5018,5.31,"low","wk2",0,0,"5",0.78,"protected","ivbcg_dosecohort_processed.txt","DFM3_wk2Pre_read1.fastq.gz","DFM3_wk2Pre_read2.fastq.gz"
"DFM3_wk4Pre","DFM3 low dose IV BCG wk4","Macaca mulatta","Whole Blood","total RNA","paired-end","Illumina HiSeq 4000","DFM3_wk4Pre","DFM3",5018,5.31,"low","wk4",0,0,"5",0.78,"protected","ivbcg_dosecohort_processed.txt","DFM3_wk4Pre_read1.fastq.gz","DFM3_wk4Pre_read2.fastq.gz"
"DFM3_wk12Pre","DFM3 low dose IV BCG wk12","Macaca mulatta","Whole Blood","total RNA","paired-end","Illumina HiSeq 4000","DFM3_wk12Pre","DFM3",5018,5.31,"low","wk12",0,0,"5",0.78,"protected","ivbcg_dosecohort_processed.txt","DFM3_wk12Pre_read1.fastq.gz","DFM3_wk12Pre_read2.fastq.gz"
"DFN5_wkm4Pre","DFN5 low dose IV BCG pre","Macaca mulatta","Whole Blood","total RNA","paired-end","Illumina HiSeq 4000","DFN5_wkm4Pre","DFN5",17919,5.14,"low","pre",20030,4.3,"11",1.08,"not_protected","ivbcg_dosecohort_processed.txt","DFN5_wkm4Pre_read1.fastq.gz","DFN5_wkm4Pre_read2.fastq.gz"
"DFN5_d2Pre","DFN5 low dose IV BCG d2","Macaca mulatta","Whole Blood","total RNA","paired-end","Illumina HiSeq 4000","DFN5_d2Pre","DFN5",17919,5.14,"low","d2",20030,4.3,"11",1.08,"not_protected","ivbcg_dosecohort_processed.txt","DFN5_d2Pre_read1.fastq.gz","DFN5_d2Pre_read2.fastq.gz"
"DFN5_wk2Pre","DFN5 low dose IV BCG wk2","Macaca mulatta","Whole Blood","total RNA","paired-end","Illumina HiSeq 4000","DFN5_wk2Pre","DFN5",17919,5.14,"low","wk2",20030,4.3,"11",1.08,"not_protected","ivbcg_dosecohort_processed.txt","DFN5_wk2Pre_read1.fastq.gz","DFN5_wk2Pre_read2.fastq.gz"
"DFN5_wk4Pre","DFN5 low dose IV BCG wk4","Macaca mulatta","Whole Blood","total RNA","paired-end","Illumina HiSeq 4000","DFN5_wk4Pre","DFN5",17919,5.14,"low","wk4",20030,4.3,"11",1.08,"not_protected","ivbcg_dosecohort_processed.txt","DFN5_wk4Pre_read1.fastq.gz","DFN5_wk4Pre_read2.fastq.gz"
"DFN5_wk12Pre","DFN5 low dose IV BCG wk12","Macaca mulatta","Whole Blood","total RNA","paired-end","Illumina HiSeq 4000","DFN5_wk12Pre","DFN5",17919,5.14,"low","wk12",20030,4.3,"11",1.08,"not_protected","ivbcg_dosecohort_processed.txt","DFN5_wk12Pre_read1.fastq.gz","DFN5_wk12Pre_read2.fastq.gz"
"DFR4_wkm4Pre","DFR4 high dose IV BCG pre","Macaca mulatta","Whole Blood","total RNA","paired-end","Illumina HiSeq 4000","DFR4_wkm4Pre","DFR4",3818,6.39,"high","pre",329996,5.52,"tntc",2,"not_protected","ivbcg_dosecohort_processed.txt","DFR4_wkm4Pre_read1.fastq.gz","DFR4_wkm4Pre_read2.fastq.gz"
"DFR4_d2Pre","DFR4 high dose IV BCG d2","Macaca mulatta","Whole Blood","total RNA","paired-end","Illumina HiSeq 4000","DFR4_d2Pre","DFR4",3818,6.39,"high","d2",329996,5.52,"tntc",2,"not_protected","ivbcg_dosecohort_processed.txt","DFR4_d2Pre_read1.fastq.gz","DFR4_d2Pre_read2.fastq.gz"
"DFR4_wk2Pre","DFR4 high dose IV BCG wk2","Macaca mulatta","Whole Blood","total RNA","paired-end","Illumina HiSeq 4000","DFR4_wk2Pre","DFR4",3818,6.39,"high","wk2",329996,5.52,"tntc",2,"not_protected","ivbcg_dosecohort_processed.txt","DFR4_wk2Pre_read1.fastq.gz","DFR4_wk2Pre_read2.fastq.gz"
"DFR4_wk4Pre","DFR4 high dose IV BCG wk4","Macaca mulatta","Whole Blood","total RNA","paired-end","Illumina HiSeq 4000","DFR4_wk4Pre","DFR4",3818,6.39,"high","wk4",329996,5.52,"tntc",2,"not_protected","ivbcg_dosecohort_processed.txt","DFR4_wk4Pre_read1.fastq.gz","DFR4_wk4Pre_read2.fastq.gz"
"DFR4_wk12Pre","DFR4 high dose IV BCG wk12","Macaca mulatta","Whole Blood","total RNA","paired-end","Illumina HiSeq 4000","DFR4_wk12Pre","DFR4",3818,6.39,"high","wk12",329996,5.52,"tntc",2,"not_protected","ivbcg_dosecohort_processed.txt","DFR4_wk12Pre_read1.fastq.gz","DFR4_wk12Pre_read2.fastq.gz"
"DFV9_wkm4Pre","DFV9 high dose IV BCG pre","Macaca mulatta","Whole Blood","total RNA","paired-end","Illumina HiSeq 4000","DFV9_wkm4Pre","DFV9",4518,6.84,"high","pre",0,0,"0",0,"protected","ivbcg_dosecohort_processed.txt","DFV9_wkm4Pre_read1.fastq.gz","DFV9_wkm4Pre_read2.fastq.gz"
"DFV9_d2Pre","DFV9 high dose IV BCG d2","Macaca mulatta","Whole Blood","total RNA","paired-end","Illumina HiSeq 4000","DFV9_d2Pre","DFV9",4518,6.84,"high","d2",0,0,"0",0,"protected","ivbcg_dosecohort_processed.txt","DFV9_d2Pre_read1.fastq.gz","DFV9_d2Pre_read2.fastq.gz"
"DFV9_wk2Pre","DFV9 high dose IV BCG wk2","Macaca mulatta","Whole Blood","total RNA","paired-end","Illumina HiSeq 4000","DFV9_wk2Pre","DFV9",4518,6.84,"high","wk2",0,0,"0",0,"protected","ivbcg_dosecohort_processed.txt","DFV9_wk2Pre_read1.fastq.gz","DFV9_wk2Pre_read2.fastq.gz"
"DFV9_wk4Pre","DFV9 high dose IV BCG wk4","Macaca mulatta","Whole Blood","total RNA","paired-end","Illumina HiSeq 4000","DFV9_wk4Pre","DFV9",4518,6.84,"high","wk4",0,0,"0",0,"protected","ivbcg_dosecohort_processed.txt","DFV9_wk4Pre_read1.fastq.gz","DFV9_wk4Pre_read2.fastq.gz"
"DFV9_wk12Pre","DFV9 high dose IV BCG wk12","Macaca mulatta","Whole Blood","total RNA","paired-end","Illumina HiSeq 4000","DFV9_wk12Pre","DFV9",4518,6.84,"high","wk12",0,0,"0",0,"protected","ivbcg_dosecohort_processed.txt","DFV9_wk12Pre_read1.fastq.gz","DFV9_wk12Pre_read2.fastq.gz"
"DGFT_wkm4Pre","DGFT low dose IV BCG pre","Macaca mulatta","Whole Blood","total RNA","paired-end","Illumina HiSeq 4000","DGFT_wkm4Pre","DGFT",18419,5.49,"low","pre",5205545,6.72,"tntc",2,"not_protected","ivbcg_dosecohort_processed.txt","DGFT_wkm4Pre_read1.fastq.gz","DGFT_wkm4Pre_read2.fastq.gz"
"DGFT_d2Pre","DGFT low dose IV BCG d2","Macaca mulatta","Whole Blood","total RNA","paired-end","Illumina HiSeq 4000","DGFT_d2Pre","DGFT",18419,5.49,"low","d2",5205545,6.72,"tntc",2,"not_protected","ivbcg_dosecohort_processed.txt","DGFT_d2Pre_read1.fastq.gz","DGFT_d2Pre_read2.fastq.gz"
"DGFT_wk2Pre","DGFT low dose IV BCG wk2","Macaca mulatta","Whole Blood","total RNA","paired-end","Illumina HiSeq 4000","DGFT_wk2Pre","DGFT",18419,5.49,"low","wk2",5205545,6.72,"tntc",2,"not_protected","ivbcg_dosecohort_processed.txt","DGFT_wk2Pre_read1.fastq.gz","DGFT_wk2Pre_read2.fastq.gz"
"DGFT_wk4Pre","DGFT low dose IV BCG wk4","Macaca mulatta","Whole Blood","total RNA","paired-end","Illumina HiSeq 4000","DGFT_wk4Pre","DGFT",18419,5.49,"low","wk4",5205545,6.72,"tntc",2,"not_protected","ivbcg_dosecohort_processed.txt","DGFT_wk4Pre_read1.fastq.gz","DGFT_wk4Pre_read2.fastq.gz"
"DGFT_wk12Pre","DGFT low dose IV BCG wk12","Macaca mulatta","Whole Blood","total RNA","paired-end","Illumina HiSeq 4000","DGFT_wk12Pre","DGFT",18419,5.49,"low","wk12",5205545,6.72,"tntc",2,"not_protected","ivbcg_dosecohort_processed.txt","DGFT_wk12Pre_read1.fastq.gz","DGFT_wk12Pre_read2.fastq.gz"
"DGFV_wkm4Pre","DGFV low dose IV BCG pre","Macaca mulatta","Whole Blood","total RNA","paired-end","Illumina HiSeq 4000","DGFV_wkm4Pre","DGFV",18119,5.49,"low","pre",9118,3.96,"7",0.9,"not_protected","ivbcg_dosecohort_processed.txt","DGFV_wkm4Pre_read1.fastq.gz","DGFV_wkm4Pre_read2.fastq.gz"
"DGFV_d2Pre","DGFV low dose IV BCG d2","Macaca mulatta","Whole Blood","total RNA","paired-end","Illumina HiSeq 4000","DGFV_d2Pre","DGFV",18119,5.49,"low","d2",9118,3.96,"7",0.9,"not_protected","ivbcg_dosecohort_processed.txt","DGFV_d2Pre_read1.fastq.gz","DGFV_d2Pre_read2.fastq.gz"
"DGFV_wk2Pre","DGFV low dose IV BCG wk2","Macaca mulatta","Whole Blood","total RNA","paired-end","Illumina HiSeq 4000","DGFV_wk2Pre","DGFV",18119,5.49,"low","wk2",9118,3.96,"7",0.9,"not_protected","ivbcg_dosecohort_processed.txt","DGFV_wk2Pre_read1.fastq.gz","DGFV_wk2Pre_read2.fastq.gz"
"DGFV_wk4Pre","DGFV low dose IV BCG wk4","Macaca mulatta","Whole Blood","total RNA","paired-end","Illumina HiSeq 4000","DGFV_wk4Pre","DGFV",18119,5.49,"low","wk4",9118,3.96,"7",0.9,"not_protected","ivbcg_dosecohort_processed.txt","DGFV_wk4Pre_read1.fastq.gz","DGFV_wk4Pre_read2.fastq.gz"
"DGFV_wk12Pre","DGFV low dose IV BCG wk12","Macaca mulatta","Whole Blood","total RNA","paired-end","Illumina HiSeq 4000","DGFV_wk12Pre","DGFV",18119,5.49,"low","wk12",9118,3.96,"7",0.9,"not_protected","ivbcg_dosecohort_processed.txt","DGFV_wk12Pre_read1.fastq.gz","DGFV_wk12Pre_read2.fastq.gz"
"DGGG_wkm4Pre","DGGG low dose IV BCG pre","Macaca mulatta","Whole Blood","total RNA","paired-end","Illumina HiSeq 4000","DGGG_wkm4Pre","DGGG",18019,5.14,"low","pre",40082,4.6,"4",0.7,"not_protected","ivbcg_dosecohort_processed.txt","DGGG_wkm4Pre_read1.fastq.gz","DGGG_wkm4Pre_read2.fastq.gz"
"DGGG_d2Pre","DGGG low dose IV BCG d2","Macaca mulatta","Whole Blood","total RNA","paired-end","Illumina HiSeq 4000","DGGG_d2Pre","DGGG",18019,5.14,"low","d2",40082,4.6,"4",0.7,"not_protected","ivbcg_dosecohort_processed.txt","DGGG_d2Pre_read1.fastq.gz","DGGG_d2Pre_read2.fastq.gz"
"DGGG_wk2Pre","DGGG low dose IV BCG wk2","Macaca mulatta","Whole Blood","total RNA","paired-end","Illumina HiSeq 4000","DGGG_wk2Pre","DGGG",18019,5.14,"low","wk2",40082,4.6,"4",0.7,"not_protected","ivbcg_dosecohort_processed.txt","DGGG_wk2Pre_read1.fastq.gz","DGGG_wk2Pre_read2.fastq.gz"
"DGGG_wk4Pre","DGGG low dose IV BCG wk4","Macaca mulatta","Whole Blood","total RNA","paired-end","Illumina HiSeq 4000","DGGG_wk4Pre","DGGG",18019,5.14,"low","wk4",40082,4.6,"4",0.7,"not_protected","ivbcg_dosecohort_processed.txt","DGGG_wk4Pre_read1.fastq.gz","DGGG_wk4Pre_read2.fastq.gz"
"DGGG_wk12Pre","DGGG low dose IV BCG wk12","Macaca mulatta","Whole Blood","total RNA","paired-end","Illumina HiSeq 4000","DGGG_wk12Pre","DGGG",18019,5.14,"low","wk12",40082,4.6,"4",0.7,"not_protected","ivbcg_dosecohort_processed.txt","DGGG_wk12Pre_read1.fastq.gz","DGGG_wk12Pre_read2.fastq.gz"
"DGHR_wkm4Pre","DGHR low dose IV BCG pre","Macaca mulatta","Whole Blood","total RNA","paired-end","Illumina HiSeq 4000","DGHR_wkm4Pre","DGHR",18519,5.49,"low","pre",243454,5.39,"18",1.28,"not_protected","ivbcg_dosecohort_processed.txt","DGHR_wkm4Pre_read1.fastq.gz","DGHR_wkm4Pre_read2.fastq.gz"
"DGHR_d2Pre","DGHR low dose IV BCG d2","Macaca mulatta","Whole Blood","total RNA","paired-end","Illumina HiSeq 4000","DGHR_d2Pre","DGHR",18519,5.49,"low","d2",243454,5.39,"18",1.28,"not_protected","ivbcg_dosecohort_processed.txt","DGHR_d2Pre_read1.fastq.gz","DGHR_d2Pre_read2.fastq.gz"
"DGHR_wk2Pre","DGHR low dose IV BCG wk2","Macaca mulatta","Whole Blood","total RNA","paired-end","Illumina HiSeq 4000","DGHR_wk2Pre","DGHR",18519,5.49,"low","wk2",243454,5.39,"18",1.28,"not_protected","ivbcg_dosecohort_processed.txt","DGHR_wk2Pre_read1.fastq.gz","DGHR_wk2Pre_read2.fastq.gz"
"DGHR_wk4Pre","DGHR low dose IV BCG wk4","Macaca mulatta","Whole Blood","total RNA","paired-end","Illumina HiSeq 4000","DGHR_wk4Pre","DGHR",18519,5.49,"low","wk4",243454,5.39,"18",1.28,"not_protected","ivbcg_dosecohort_processed.txt","DGHR_wk4Pre_read1.fastq.gz","DGHR_wk4Pre_read2.fastq.gz"
"DGHR_wk12Pre","DGHR low dose IV BCG wk12","Macaca mulatta","Whole Blood","total RNA","paired-end","Illumina HiSeq 4000","DGHR_wk12Pre","DGHR",18519,5.49,"low","wk12",243454,5.39,"18",1.28,"not_protected","ivbcg_dosecohort_processed.txt","DGHR_wk12Pre_read1.fastq.gz","DGHR_wk12Pre_read2.fastq.gz"
"DGIT_wkm4Pre","DGIT low dose IV BCG pre","Macaca mulatta","Whole Blood","total RNA","paired-end","Illumina HiSeq 4000","DGIT_wkm4Pre","DGIT",3718,4.59,"low","pre",44635,4.65,"1",0.3,"not_protected","ivbcg_dosecohort_processed.txt","DGIT_wkm4Pre_read1.fastq.gz","DGIT_wkm4Pre_read2.fastq.gz"
"DGIT_d2Pre","DGIT low dose IV BCG d2","Macaca mulatta","Whole Blood","total RNA","paired-end","Illumina HiSeq 4000","DGIT_d2Pre","DGIT",3718,4.59,"low","d2",44635,4.65,"1",0.3,"not_protected","ivbcg_dosecohort_processed.txt","DGIT_d2Pre_read1.fastq.gz","DGIT_d2Pre_read2.fastq.gz"
"DGIT_wk2Pre","DGIT low dose IV BCG wk2","Macaca mulatta","Whole Blood","total RNA","paired-end","Illumina HiSeq 4000","DGIT_wk2Pre","DGIT",3718,4.59,"low","wk2",44635,4.65,"1",0.3,"not_protected","ivbcg_dosecohort_processed.txt","DGIT_wk2Pre_read1.fastq.gz","DGIT_wk2Pre_read2.fastq.gz"
"DGIT_wk4Pre","DGIT low dose IV BCG wk4","Macaca mulatta","Whole Blood","total RNA","paired-end","Illumina HiSeq 4000","DGIT_wk4Pre","DGIT",3718,4.59,"low","wk4",44635,4.65,"1",0.3,"not_protected","ivbcg_dosecohort_processed.txt","DGIT_wk4Pre_read1.fastq.gz","DGIT_wk4Pre_read2.fastq.gz"
"DGIT_wk12Pre","DGIT low dose IV BCG wk12","Macaca mulatta","Whole Blood","total RNA","paired-end","Illumina HiSeq 4000","DGIT_wk12Pre","DGIT",3718,4.59,"low","wk12",44635,4.65,"1",0.3,"not_protected","ivbcg_dosecohort_processed.txt","DGIT_wk12Pre_read1.fastq.gz","DGIT_wk12Pre_read2.fastq.gz"
"DGJB_wkm4Pre","DGJB high dose IV BCG pre","Macaca mulatta","Whole Blood","total RNA","paired-end","Illumina HiSeq 4000","DGJB_wkm4Pre","DGJB",3918,7.4,"high","pre",0,0,"1",0.3,"protected","ivbcg_dosecohort_processed.txt","DGJB_wkm4Pre_read1.fastq.gz","DGJB_wkm4Pre_read2.fastq.gz"
"DGJB_d2Pre","DGJB high dose IV BCG d2","Macaca mulatta","Whole Blood","total RNA","paired-end","Illumina HiSeq 4000","DGJB_d2Pre","DGJB",3918,7.4,"high","d2",0,0,"1",0.3,"protected","ivbcg_dosecohort_processed.txt","DGJB_d2Pre_read1.fastq.gz","DGJB_d2Pre_read2.fastq.gz"
"DGJB_wk2Pre","DGJB high dose IV BCG wk2","Macaca mulatta","Whole Blood","total RNA","paired-end","Illumina HiSeq 4000","DGJB_wk2Pre","DGJB",3918,7.4,"high","wk2",0,0,"1",0.3,"protected","ivbcg_dosecohort_processed.txt","DGJB_wk2Pre_read1.fastq.gz","DGJB_wk2Pre_read2.fastq.gz"
"DGJB_wk4Pre","DGJB high dose IV BCG wk4","Macaca mulatta","Whole Blood","total RNA","paired-end","Illumina HiSeq 4000","DGJB_wk4Pre","DGJB",3918,7.4,"high","wk4",0,0,"1",0.3,"protected","ivbcg_dosecohort_processed.txt","DGJB_wk4Pre_read1.fastq.gz","DGJB_wk4Pre_read2.fastq.gz"
"DGJB_wk12Pre","DGJB high dose IV BCG wk12","Macaca mulatta","Whole Blood","total RNA","paired-end","Illumina HiSeq 4000","DGJB_wk12Pre","DGJB",3918,7.4,"high","wk12",0,0,"1",0.3,"protected","ivbcg_dosecohort_processed.txt","DGJB_wk12Pre_read1.fastq.gz","DGJB_wk12Pre_read2.fastq.gz"
"DGJR_wkm4Pre","DGJR low dose IV BCG pre","Macaca mulatta","Whole Blood","total RNA","paired-end","Illumina HiSeq 4000","DGJR_wkm4Pre","DGJR",18219,5.49,"low","pre",1625,3.21,"3",0.6,"not_protected","ivbcg_dosecohort_processed.txt","DGJR_wkm4Pre_read1.fastq.gz","DGJR_wkm4Pre_read2.fastq.gz"
"DGJR_d2Pre","DGJR low dose IV BCG d2","Macaca mulatta","Whole Blood","total RNA","paired-end","Illumina HiSeq 4000","DGJR_d2Pre","DGJR",18219,5.49,"low","d2",1625,3.21,"3",0.6,"not_protected","ivbcg_dosecohort_processed.txt","DGJR_d2Pre_read1.fastq.gz","DGJR_d2Pre_read2.fastq.gz"
"DGJR_wk2Pre","DGJR low dose IV BCG wk2","Macaca mulatta","Whole Blood","total RNA","paired-end","Illumina HiSeq 4000","DGJR_wk2Pre","DGJR",18219,5.49,"low","wk2",1625,3.21,"3",0.6,"not_protected","ivbcg_dosecohort_processed.txt","DGJR_wk2Pre_read1.fastq.gz","DGJR_wk2Pre_read2.fastq.gz"
"DGJR_wk4Pre","DGJR low dose IV BCG wk4","Macaca mulatta","Whole Blood","total RNA","paired-end","Illumina HiSeq 4000","DGJR_wk4Pre","DGJR",18219,5.49,"low","wk4",1625,3.21,"3",0.6,"not_protected","ivbcg_dosecohort_processed.txt","DGJR_wk4Pre_read1.fastq.gz","DGJR_wk4Pre_read2.fastq.gz"
"DGJR_wk12Pre","DGJR low dose IV BCG wk12","Macaca mulatta","Whole Blood","total RNA","paired-end","Illumina HiSeq 4000","DGJR_wk12Pre","DGJR",18219,5.49,"low","wk12",1625,3.21,"3",0.6,"not_protected","ivbcg_dosecohort_processed.txt","DGJR_wk12Pre_read1.fastq.gz","DGJR_wk12Pre_read2.fastq.gz"
"DGLF_wkm4Pre","DGLF low dose IV BCG pre","Macaca mulatta","Whole Blood","total RNA","paired-end","Illumina HiSeq 4000","DGLF_wkm4Pre","DGLF",2918,5.66,"low","pre",0,0,"0",0,"protected","ivbcg_dosecohort_processed.txt","DGLF_wkm4Pre_read1.fastq.gz","DGLF_wkm4Pre_read2.fastq.gz"
"DGLF_d2Pre","DGLF low dose IV BCG d2","Macaca mulatta","Whole Blood","total RNA","paired-end","Illumina HiSeq 4000","DGLF_d2Pre","DGLF",2918,5.66,"low","d2",0,0,"0",0,"protected","ivbcg_dosecohort_processed.txt","DGLF_d2Pre_read1.fastq.gz","DGLF_d2Pre_read2.fastq.gz"
"DGLF_wk2Pre","DGLF low dose IV BCG wk2","Macaca mulatta","Whole Blood","total RNA","paired-end","Illumina HiSeq 4000","DGLF_wk2Pre","DGLF",2918,5.66,"low","wk2",0,0,"0",0,"protected","ivbcg_dosecohort_processed.txt","DGLF_wk2Pre_read1.fastq.gz","DGLF_wk2Pre_read2.fastq.gz"
"DGLF_wk4Pre","DGLF low dose IV BCG wk4","Macaca mulatta","Whole Blood","total RNA","paired-end","Illumina HiSeq 4000","DGLF_wk4Pre","DGLF",2918,5.66,"low","wk4",0,0,"0",0,"protected","ivbcg_dosecohort_processed.txt","DGLF_wk4Pre_read1.fastq.gz","DGLF_wk4Pre_read2.fastq.gz"
"DGLF_wk12Pre","DGLF low dose IV BCG wk12","Macaca mulatta","Whole Blood","total RNA","paired-end","Illumina HiSeq 4000","DGLF_wk12Pre","DGLF",2918,5.66,"low","wk12",0,0,"0",0,"protected","ivbcg_dosecohort_processed.txt","DGLF_wk12Pre_read1.fastq.gz","DGLF_wk12Pre_read2.fastq.gz"
"HAR_wkm4Pre","HAR low dose IV BCG pre","Macaca mulatta","Whole Blood","total RNA","paired-end","Illumina HiSeq 4000","HAR_wkm4Pre","HAR",18619,5.49,"low","pre",669933,5.83,"14",1.18,"not_protected","ivbcg_dosecohort_processed.txt","HAR_wkm4Pre_read1.fastq.gz","HAR_wkm4Pre_read2.fastq.gz"
"HAR_d2Pre","HAR low dose IV BCG d2","Macaca mulatta","Whole Blood","total RNA","paired-end","Illumina HiSeq 4000","HAR_d2Pre","HAR",18619,5.49,"low","d2",669933,5.83,"14",1.18,"not_protected","ivbcg_dosecohort_processed.txt","HAR_d2Pre_read1.fastq.gz","HAR_d2Pre_read2.fastq.gz"
"HAR_wk2Pre","HAR low dose IV BCG wk2","Macaca mulatta","Whole Blood","total RNA","paired-end","Illumina HiSeq 4000","HAR_wk2Pre","HAR",18619,5.49,"low","wk2",669933,5.83,"14",1.18,"not_protected","ivbcg_dosecohort_processed.txt","HAR_wk2Pre_read1.fastq.gz","HAR_wk2Pre_read2.fastq.gz"
"HAR_wk4Pre","HAR low dose IV BCG wk4","Macaca mulatta","Whole Blood","total RNA","paired-end","Illumina HiSeq 4000","HAR_wk4Pre","HAR",18619,5.49,"low","wk4",669933,5.83,"14",1.18,"not_protected","ivbcg_dosecohort_processed.txt","HAR_wk4Pre_read1.fastq.gz","HAR_wk4Pre_read2.fastq.gz"
"HAR_wk12Pre","HAR low dose IV BCG wk12","Macaca mulatta","Whole Blood","total RNA","paired-end","Illumina HiSeq 4000","HAR_wk12Pre","HAR",18619,5.49,"low","wk12",669933,5.83,"14",1.18,"not_protected","ivbcg_dosecohort_processed.txt","HAR_wk12Pre_read1.fastq.gz","HAR_wk12Pre_read2.fastq.gz"
"HCZ_wkm4Pre","HCZ low dose IV BCG pre","Macaca mulatta","Whole Blood","total RNA","paired-end","Illumina HiSeq 4000","HCZ_wkm4Pre","HCZ",18719,5.14,"low","pre",2775,3.44,"1",0.3,"not_protected","ivbcg_dosecohort_processed.txt","HCZ_wkm4Pre_read1.fastq.gz","HCZ_wkm4Pre_read2.fastq.gz"
"HCZ_d2Pre","HCZ low dose IV BCG d2","Macaca mulatta","Whole Blood","total RNA","paired-end","Illumina HiSeq 4000","HCZ_d2Pre","HCZ",18719,5.14,"low","d2",2775,3.44,"1",0.3,"not_protected","ivbcg_dosecohort_processed.txt","HCZ_d2Pre_read1.fastq.gz","HCZ_d2Pre_read2.fastq.gz"
"HCZ_wk2Pre","HCZ low dose IV BCG wk2","Macaca mulatta","Whole Blood","total RNA","paired-end","Illumina HiSeq 4000","HCZ_wk2Pre","HCZ",18719,5.14,"low","wk2",2775,3.44,"1",0.3,"not_protected","ivbcg_dosecohort_processed.txt","HCZ_wk2Pre_read1.fastq.gz","HCZ_wk2Pre_read2.fastq.gz"
"HCZ_wk4Pre","HCZ low dose IV BCG wk4","Macaca mulatta","Whole Blood","total RNA","paired-end","Illumina HiSeq 4000","HCZ_wk4Pre","HCZ",18719,5.14,"low","wk4",2775,3.44,"1",0.3,"not_protected","ivbcg_dosecohort_processed.txt","HCZ_wk4Pre_read1.fastq.gz","HCZ_wk4Pre_read2.fastq.gz"
"HCZ_wk12Pre","HCZ low dose IV BCG wk12","Macaca mulatta","Whole Blood","total RNA","paired-end","Illumina HiSeq 4000","HCZ_wk12Pre","HCZ",18719,5.14,"low","wk12",2775,3.44,"1",0.3,"not_protected","ivbcg_dosecohort_processed.txt","HCZ_wk12Pre_read1.fastq.gz","HCZ_wk12Pre_read2.fastq.gz"
"O1K_wkm4Pre","O1K high dose IV BCG pre","Macaca mulatta","Whole Blood","total RNA","paired-end","Illumina HiSeq 4000","O1K_wkm4Pre","O1K",3618,6.39,"high","pre",0,0,"0",0,"protected","ivbcg_dosecohort_processed.txt","O1K_wkm4Pre_read1.fastq.gz","O1K_wkm4Pre_read2.fastq.gz"
"O1K_d2Pre","O1K high dose IV BCG d2","Macaca mulatta","Whole Blood","total RNA","paired-end","Illumina HiSeq 4000","O1K_d2Pre","O1K",3618,6.39,"high","d2",0,0,"0",0,"protected","ivbcg_dosecohort_processed.txt","O1K_d2Pre_read1.fastq.gz","O1K_d2Pre_read2.fastq.gz"
"O1K_wk2Pre","O1K high dose IV BCG wk2","Macaca mulatta","Whole Blood","total RNA","paired-end","Illumina HiSeq 4000","O1K_wk2Pre","O1K",3618,6.39,"high","wk2",0,0,"0",0,"protected","ivbcg_dosecohort_processed.txt","O1K_wk2Pre_read1.fastq.gz","O1K_wk2Pre_read2.fastq.gz"
"O1K_wk4Pre","O1K high dose IV BCG wk4","Macaca mulatta","Whole Blood","total RNA","paired-end","Illumina HiSeq 4000","O1K_wk4Pre","O1K",3618,6.39,"high","wk4",0,0,"0",0,"protected","ivbcg_dosecohort_processed.txt","O1K_wk4Pre_read1.fastq.gz","O1K_wk4Pre_read2.fastq.gz"
"O1K_wk12Pre","O1K high dose IV BCG wk12","Macaca mulatta","Whole Blood","total RNA","paired-end","Illumina HiSeq 4000","O1K_wk12Pre","O1K",3618,6.39,"high","wk12",0,0,"0",0,"protected","ivbcg_dosecohort_processed.txt","O1K_wk12Pre_read1.fastq.gz","O1K_wk12Pre_read2.fastq.gz"
"OBC_wkm4Pre","OBC high dose IV BCG pre","Macaca mulatta","Whole Blood","total RNA","paired-end","Illumina HiSeq 4000","OBC_wkm4Pre","OBC",4818,6.84,"high","pre",0,0,"0",0,"protected","ivbcg_dosecohort_processed.txt","OBC_wkm4Pre_read1.fastq.gz","OBC_wkm4Pre_read2.fastq.gz"
"OBC_d2Pre","OBC high dose IV BCG d2","Macaca mulatta","Whole Blood","total RNA","paired-end","Illumina HiSeq 4000","OBC_d2Pre","OBC",4818,6.84,"high","d2",0,0,"0",0,"protected","ivbcg_dosecohort_processed.txt","OBC_d2Pre_read1.fastq.gz","OBC_d2Pre_read2.fastq.gz"
"OBC_wk2Pre","OBC high dose IV BCG wk2","Macaca mulatta","Whole Blood","total RNA","paired-end","Illumina HiSeq 4000","OBC_wk2Pre","OBC",4818,6.84,"high","wk2",0,0,"0",0,"protected","ivbcg_dosecohort_processed.txt","OBC_wk2Pre_read1.fastq.gz","OBC_wk2Pre_read2.fastq.gz"
"OBC_wk4Pre","OBC high dose IV BCG wk4","Macaca mulatta","Whole Blood","total RNA","paired-end","Illumina HiSeq 4000","OBC_wk4Pre","OBC",4818,6.84,"high","wk4",0,0,"0",0,"protected","ivbcg_dosecohort_processed.txt","OBC_wk4Pre_read1.fastq.gz","OBC_wk4Pre_read2.fastq.gz"
"OBC_wk12Pre","OBC high dose IV BCG wk12","Macaca mulatta","Whole Blood","total RNA","paired-end","Illumina HiSeq 4000","OBC_wk12Pre","OBC",4818,6.84,"high","wk12",0,0,"0",0,"protected","ivbcg_dosecohort_processed.txt","OBC_wk12Pre_read1.fastq.gz","OBC_wk12Pre_read2.fastq.gz"
"PP13A08B_d2Pre","PP13A08B low dose IV BCG d2","Macaca mulatta","Whole Blood","total RNA","paired-end","Illumina HiSeq 4000","PP13A08B_d2Pre","PP13A08B",3018,5.31,"low","d2",651031,5.81,"tntc",2,"not_protected","ivbcg_dosecohort_processed.txt","PP13A08B_d2Pre_read1.fastq.gz","PP13A08B_d2Pre_read2.fastq.gz"
"PP13A08B_wk2Pre","PP13A08B low dose IV BCG wk2","Macaca mulatta","Whole Blood","total RNA","paired-end","Illumina HiSeq 4000","PP13A08B_wk2Pre","PP13A08B",3018,5.31,"low","wk2",651031,5.81,"tntc",2,"not_protected","ivbcg_dosecohort_processed.txt","PP13A08B_wk2Pre_read1.fastq.gz","PP13A08B_wk2Pre_read2.fastq.gz"
"PP13A08B_wk4Pre","PP13A08B low dose IV BCG wk4","Macaca mulatta","Whole Blood","total RNA","paired-end","Illumina HiSeq 4000","PP13A08B_wk4Pre","PP13A08B",3018,5.31,"low","wk4",651031,5.81,"tntc",2,"not_protected","ivbcg_dosecohort_processed.txt","PP13A08B_wk4Pre_read1.fastq.gz","PP13A08B_wk4Pre_read2.fastq.gz"
"PP13A08B_wk12Pre","PP13A08B low dose IV BCG wk12","Macaca mulatta","Whole Blood","total RNA","paired-end","Illumina HiSeq 4000","PP13A08B_wk12Pre","PP13A08B",3018,5.31,"low","wk12",651031,5.81,"tntc",2,"not_protected","ivbcg_dosecohort_processed.txt","PP13A08B_wk12Pre_read1.fastq.gz","PP13A08B_wk12Pre_read2.fastq.gz"
